Protocollo;Gruppo;DataOraIncidente;Localizzazione1;STRADA1;Localizzazione2;STRADA2;Strada02;Chilometrica;DaSpecificare;NaturaIncidente;particolaritastrade;TipoStrada;FondoStradale;Pavimentazione;Segnaletica;CondizioneAtmosferica;Traffico;Visibilita;Illuminazione;NUM_FERITI;NUM_RISERVATA;NUM_MORTI;NUM_ILLESI;Longitudine;Latitudine;Confermato;Progressivo;TipoVeicolo;StatoVeicolo;TipoPersona;Sesso;Tipolesione;Deceduto;DecedutoDopo;CinturaCascoUtilizzato;Airbag
1949244;18;04/07/2013 12:30;Strada Urbana;VIA LUDOVICO ALTIERI;in corrispondenza;;del civico n. ;1;;Investimento di pedone;Rettilineo;Una carreggiata a senso unico di marcia;Asciutto;Asfaltata;Verticale ed orizzontale;Sereno;Normale;Buona;Ore Diurne;1;0;0;1;;;-1;1;Autovettura privata;In marcia / fermata / arresto;Conducente;F;Illeso;0;;Non accertato;Inesploso
1949246;12;02/07/2013 18:00;Provinciale;VIA ARDEATINA;da specificare;;;;VIA DELL'INFORMATICA;Scontro frontale fra veicoli in marcia;Rettilineo;Una carreggiata a doppio senso;Asciutto;Asfaltata;Verticale ed orizzontale;Sereno;Intenso;Buona;Ore Diurne;1;0;0;1;;;-1;1;Autovettura privata;In marcia / fermata / arresto;Conducente;M;Illeso;0;;Utilizzato;Inesploso
1949246;12;02/07/2013 18:00;Provinciale;VIA ARDEATINA;da specificare;;;;VIA DELL'INFORMATICA;Scontro frontale fra veicoli in marcia;Rettilineo;Una carreggiata a doppio senso;Asciutto;Asfaltata;Verticale ed orizzontale;Sereno;Intenso;Buona;Ore Diurne;1;0;0;1;;;-1;2;Motociclo a solo;In marcia / fermata / arresto;Conducente;M;Rimandato;0;NON DECEDUTO;Utilizzato;Inesistente
1949247;7;04/07/2013 20:35;Strada Urbana;VIA PRENESTINA;in prossimità;;del civico n. ;504;;Tamponamento;Rettilineo;Una carreggiata a doppio senso;Bagnato (pioggia);Asfaltata;Verticale ed orizzontale;Nuvoloso;Scarso;Sufficiente;Sufficiente;0;0;0;2;;;-1;1;Autovettura privata;In marcia / fermata / arresto;Conducente;M;Illeso;0;;Non accertato;Inesploso
1949247;7;04/07/2013 20:35;Strada Urbana;VIA PRENESTINA;in prossimità;;del civico n. ;504;;Tamponamento;Rettilineo;Una carreggiata a doppio senso;Bagnato (pioggia);Asfaltata;Verticale ed orizzontale;Nuvoloso;Scarso;Sufficiente;Sufficiente;0;0;0;2;;;-1;2;Autovettura privata;In marcia / fermata / arresto;Conducente;M;Illeso;0;;Non accertato;Inesploso
1949248;13;04/07/2013 20:00;Strada Urbana;VIALE DI CASTEL PORZIANO;in prossimità;;del civico n. ;465;;Infortunio per sola frenata improvvisa;Rettilineo;Una carreggiata a doppio senso;Bagnato (pioggia);Asfaltata;Verticale;Pioggia in atto;Normale;Buona;Ore Diurne;1;0;0;2;;;-1;1;Autovettura privata;In marcia / fermata / arresto;Conducente;F;Illeso;0;;Non accertato;Inesploso
1949248;13;04/07/2013 20:00;Strada Urbana;VIALE DI CASTEL PORZIANO;in prossimità;;del civico n. ;465;;Infortunio per sola frenata improvvisa;Rettilineo;Una carreggiata a doppio senso;Bagnato (pioggia);Asfaltata;Verticale;Pioggia in atto;Normale;Buona;Ore Diurne;1;0;0;2;;;-1;1;Autovettura privata;In marcia / fermata / arresto;Passeggero;M;Illeso;0;;Non accertato;Inesploso
1949248;13;04/07/2013 20:00;Strada Urbana;VIALE DI CASTEL PORZIANO;in prossimità;;del civico n. ;465;;Infortunio per sola frenata improvvisa;Rettilineo;Una carreggiata a doppio senso;Bagnato (pioggia);Asfaltata;Verticale;Pioggia in atto;Normale;Buona;Ore Diurne;1;0;0;2;;;-1;2;Motociclo a solo;In marcia / fermata / arresto;Conducente;M;Rimandato;0;NON DECEDUTO;Non accertato;Inesistente
1949249;1;04/07/2013 17:15;Strada Urbana;VIA LABICANA;all'intersezione semaforizzata con;VIA MERULANA;VIA MERULANA;;;Investimento di pedone;Intersezione semaforizzata;Più di due carreggiate;Asciutto;Asfaltata;Verticale ed orizzontale;Sereno;Intenso;Buona;Ore Diurne;1;0;0;1;;;-1;;;;Pedone;F;Rimandato;0;NON DECEDUTO;;
1949249;1;04/07/2013 17:15;Strada Urbana;VIA LABICANA;all'intersezione semaforizzata con;VIA MERULANA;VIA MERULANA;;;Investimento di pedone;Intersezione semaforizzata;Più di due carreggiate;Asciutto;Asfaltata;Verticale ed orizzontale;Sereno;Intenso;Buona;Ore Diurne;1;0;0;1;;;-1;1;Autovettura privata;In marcia / fermata / arresto;Conducente;F;Illeso;0;;Non accertato;Inesistente
1949250;12;03/07/2013 05:30;Strada Urbana;VIA DELLA CECCHIGNOLA;da specificare;;;;PROSS.TA' CAVALCAVIA GRA  DIR.VIA CASTEL DI LEVA;Veicolo in marcia contro ostacolo fisso;Rettilineo;Una carreggiata a doppio senso;Bagnato (umidità in atto);Asfaltata;Orizzontale;Nuvoloso;Scarso;Buona;Ore Diurne;1;0;0;0;;;-1;1;Autovettura privata;In marcia / fermata / arresto;Conducente;M;Rimandato;0;NON DECEDUTO;Utilizzato;Inesploso
1949251;1;04/07/2013 17:50;Strada Urbana;LUNGOTEVERE DEI TEBALDI;in corrispondenza;;del palo luce n. ;162;;Scontro frontale/laterale DX fra veicoli in marcia;Rettilineo;Una carreggiata a senso unico di marcia;Asciutto;Asfaltata;Verticale ed orizzontale;Sereno;Normale;Buona;Ore Diurne;0;0;0;4;;;-1;1;Motociclo con passeggero;In marcia / fermata / arresto;Conducente;M;Illeso;0;;Non accertato;Inesistente
1949251;1;04/07/2013 17:50;Strada Urbana;LUNGOTEVERE DEI TEBALDI;in corrispondenza;;del palo luce n. ;162;;Scontro frontale/laterale DX fra veicoli in marcia;Rettilineo;Una carreggiata a senso unico di marcia;Asciutto;Asfaltata;Verticale ed orizzontale;Sereno;Normale;Buona;Ore Diurne;0;0;0;4;;;-1;1;Motociclo con passeggero;In marcia / fermata / arresto;Passeggero;F;Illeso;0;;Non accertato;Inesistente
1949251;1;04/07/2013 17:50;Strada Urbana;LUNGOTEVERE DEI TEBALDI;in corrispondenza;;del palo luce n. ;162;;Scontro frontale/laterale DX fra veicoli in marcia;Rettilineo;Una carreggiata a senso unico di marcia;Asciutto;Asfaltata;Verticale ed orizzontale;Sereno;Normale;Buona;Ore Diurne;0;0;0;4;;;-1;2;Autovettura privata;In marcia / fermata / arresto;Conducente;M;Illeso;0;;Non accertato;Inesistente
1949251;1;04/07/2013 17:50;Strada Urbana;LUNGOTEVERE DEI TEBALDI;in corrispondenza;;del palo luce n. ;162;;Scontro frontale/laterale DX fra veicoli in marcia;Rettilineo;Una carreggiata a senso unico di marcia;Asciutto;Asfaltata;Verticale ed orizzontale;Sereno;Normale;Buona;Ore Diurne;0;0;0;4;;;-1;2;Autovettura privata;In marcia / fermata / arresto;Passeggero;F;Illeso;0;;Non accertato;Inesistente
1949252;20;04/07/2013 19:20;Strada Urbana;VIA DEL FORO ITALICO;da specificare;;;;dir. S. Giovanni svincolo Tor di Quinto P. Milvio;Scontro laterale fra veicoli in marcia;Rettilineo;Due carreggiate;Asciutto;Asfaltata;Verticale ed orizzontale;Sereno;Normale;Buona;Ore Diurne;1;0;0;1;;;-1;1;Autovettura privata;In marcia / fermata / arresto;Conducente;F;Illeso;0;;Non accertato;Inesistente
1949252;20;04/07/2013 19:20;Strada Urbana;VIA DEL FORO ITALICO;da specificare;;;;dir. S. Giovanni svincolo Tor di Quinto P. Milvio;Scontro laterale fra veicoli in marcia;Rettilineo;Due carreggiate;Asciutto;Asfaltata;Verticale ed orizzontale;Sereno;Normale;Buona;Ore Diurne;1;0;0;1;;;-1;2;Motociclo a solo;In marcia / fermata / arresto;Conducente;M;Rimandato;0;NON DECEDUTO;Non accertato;Inesistente
1949253;18;04/07/2013 13:40;Strada Urbana;VIA DI VALLE AURELIA;in prossimità;;del civico n. ;23;;Tamponamento;Curva a visuale libera;Una carreggiata a senso unico di marcia;Asciutto;Asfaltata;Assente;Sereno;Scarso;Buona;Ore Diurne;2;0;0;1;;;-1;1;Motociclo a solo;In marcia / fermata / arresto;Conducente;M;Rifiuta cure immediate;0;NON DECEDUTO;Non accertato;Inesistente
1949253;18;04/07/2013 13:40;Strada Urbana;VIA DI VALLE AURELIA;in prossimità;;del civico n. ;23;;Tamponamento;Curva a visuale libera;Una carreggiata a senso unico di marcia;Asciutto;Asfaltata;Assente;Sereno;Scarso;Buona;Ore Diurne;2;0;0;1;;;-1;1;Motociclo a solo;In marcia / fermata / arresto;Passeggero;M;Rimandato;0;NON DECEDUTO;Non accertato;Inesistente
1949253;18;04/07/2013 13:40;Strada Urbana;VIA DI VALLE AURELIA;in prossimità;;del civico n. ;23;;Tamponamento;Curva a visuale libera;Una carreggiata a senso unico di marcia;Asciutto;Asfaltata;Assente;Sereno;Scarso;Buona;Ore Diurne;2;0;0;1;;;-1;2;Autovettura privata;In marcia / fermata / arresto;Conducente;M;Illeso;0;;Non accertato;Inesploso
1949254;13;04/07/2013 18:20;Strada Urbana;PIAZZA DEI SICANI;da specificare;;;;in prossimità di Via di Acilia;Scontro frontale/laterale DX fra veicoli in marcia;Rettilineo;Una carreggiata a senso unico di marcia;Asciutto;Asfaltata;Assente;Nuvoloso;Intenso;Sufficiente;Ore Diurne;0;0;0;1;;;-1;1;Autovettura privata;In marcia / fermata / arresto;Conducente;M;Illeso;0;;Non accertato;Inesistente
1949255;20;05/07/2013 01:30;Regionale entro l'abitato;VIA CASSIA;in prossimità;;del civico n. ;972;;Veicolo in marcia contro ostacolo fisso;Rettilineo;Una carreggiata a doppio senso;Asciutto;Asfaltata;Verticale ed orizzontale;Sereno;Scarso;Sufficiente;Sufficiente;1;0;0;0;;;-1;1;Autovettura privata;In marcia / fermata / arresto;Conducente;M;Rimandato;0;NON DECEDUTO;Non accertato;Inesistente
1949256;13;04/07/2013 17:00;Strada Urbana;VIA DI SAPONARA;in corrispondenza;;del civico n. ;72;;Scontro laterale fra veicoli in marcia;Rettilineo;Una carreggiata a doppio senso;Asciutto;Asfaltata;Orizzontale;Sereno;Normale;Buona;Ore Diurne;2;0;0;1;;;-1;1;Autovettura privata;In marcia / fermata / arresto;Conducente;M;Rimandato;0;NON DECEDUTO;Non accertato;Inesploso
1949256;13;04/07/2013 17:00;Strada Urbana;VIA DI SAPONARA;in corrispondenza;;del civico n. ;72;;Scontro laterale fra veicoli in marcia;Rettilineo;Una carreggiata a doppio senso;Asciutto;Asfaltata;Orizzontale;Sereno;Normale;Buona;Ore Diurne;2;0;0;1;;;-1;2;Autovettura privata;In marcia / fermata / arresto;Conducente;M;Rimandato;0;NON DECEDUTO;Non accertato;Inesploso
1949256;13;04/07/2013 17:00;Strada Urbana;VIA DI SAPONARA;in corrispondenza;;del civico n. ;72;;Scontro laterale fra veicoli in marcia;Rettilineo;Una carreggiata a doppio senso;Asciutto;Asfaltata;Orizzontale;Sereno;Normale;Buona;Ore Diurne;2;0;0;1;;;-1;3;Autovettura privata;In marcia / fermata / arresto;Conducente;M;Illeso;0;;Non accertato;Inesploso
1949257;12;05/07/2013 00:15;Strada Urbana;VIA DI ACQUA ACETOSA OSTIENSE;da specificare;;;;prossimità svincolo Pontina;Veicolo in marcia contro ostacolo fisso;Rettilineo;Una carreggiata a senso unico di marcia;Bagnato (umidità in atto);Asfaltata;Verticale ed orizzontale;Sereno;Scarso;Buona;Sufficiente;0;0;0;1;;;-1;1;Autovettura privata;In marcia / fermata / arresto;Conducente;M;Illeso;0;;Utilizzato;Inesploso
1949258;13;04/07/2013 11:00;Strada Urbana;VIA ISOLE SALOMONE;all'intersezione con;VIA DELLE MOLUCCHE;VIA DELLE MOLUCCHE;;;Scontro laterale fra veicoli in marcia;Incrocio;Una carreggiata a doppio senso;Asciutto;Asfaltata;Verticale ed orizzontale;Sereno;Scarso;Buona;Ore Diurne;2;0;0;3;;;-1;1;Autovettura privata;In marcia / fermata / arresto;Conducente;M;Illeso;0;;Non accertato;Inesistente
1949258;13;04/07/2013 11:00;Strada Urbana;VIA ISOLE SALOMONE;all'intersezione con;VIA DELLE MOLUCCHE;VIA DELLE MOLUCCHE;;;Scontro laterale fra veicoli in marcia;Incrocio;Una carreggiata a doppio senso;Asciutto;Asfaltata;Verticale ed orizzontale;Sereno;Scarso;Buona;Ore Diurne;2;0;0;3;;;-1;1;Autovettura privata;In marcia / fermata / arresto;Passeggero;M;Rimandato;0;NON DECEDUTO;Non accertato;Inesploso
1949258;13;04/07/2013 11:00;Strada Urbana;VIA ISOLE SALOMONE;all'intersezione con;VIA DELLE MOLUCCHE;VIA DELLE MOLUCCHE;;;Scontro laterale fra veicoli in marcia;Incrocio;Una carreggiata a doppio senso;Asciutto;Asfaltata;Verticale ed orizzontale;Sereno;Scarso;Buona;Ore Diurne;2;0;0;3;;;-1;1;Autovettura privata;In marcia / fermata / arresto;Passeggero;M;Rimandato;0;NON DECEDUTO;Non accertato;Inesploso
1949258;13;04/07/2013 11:00;Strada Urbana;VIA ISOLE SALOMONE;all'intersezione con;VIA DELLE MOLUCCHE;VIA DELLE MOLUCCHE;;;Scontro laterale fra veicoli in marcia;Incrocio;Una carreggiata a doppio senso;Asciutto;Asfaltata;Verticale ed orizzontale;Sereno;Scarso;Buona;Ore Diurne;2;0;0;3;;;-1;1;Autovettura privata;In marcia / fermata / arresto;Passeggero;M;Illeso;0;;Non accertato;Inesploso
1949258;13;04/07/2013 11:00;Strada Urbana;VIA ISOLE SALOMONE;all'intersezione con;VIA DELLE MOLUCCHE;VIA DELLE MOLUCCHE;;;Scontro laterale fra veicoli in marcia;Incrocio;Una carreggiata a doppio senso;Asciutto;Asfaltata;Verticale ed orizzontale;Sereno;Scarso;Buona;Ore Diurne;2;0;0;3;;;-1;2;Autovettura privata;In marcia / fermata / arresto;Conducente;M;Illeso;0;;Non accertato;Inesistente
1949259;4;04/07/2013 00:45;Strada Urbana;VIA RADICOFANI;in corrispondenza;;del civico n. ;236;;Veicolo in marcia contro veicolo in sosta;Rettilineo;Una carreggiata a doppio senso;Asciutto;Asfaltata;Verticale ed orizzontale;Sereno;Scarso;Buona;Sufficiente;0;0;0;1;;;-1;1;Autovettura privata;In marcia / fermata / arresto;Conducente;M;Illeso;0;;Non accertato;Inesploso
1949260;12;04/07/2013 08:15;Strada Urbana;VIALE DELL'UMANESIMO;da specificare;;;;altezza Piazza Nervi ;Scontro laterale fra veicoli in marcia;Rettilineo;Una carreggiata a doppio senso;Asciutto;Asfaltata;Verticale ed orizzontale;Nuvoloso;Intenso;Buona;Ore Diurne;0;0;0;3;;;-1;1;Autovettura privata;In marcia / fermata / arresto;Conducente;F;Illeso;0;;Utilizzato;Inesistente
1949260;12;04/07/2013 08:15;Strada Urbana;VIALE DELL'UMANESIMO;da specificare;;;;altezza Piazza Nervi ;Scontro laterale fra veicoli in marcia;Rettilineo;Una carreggiata a doppio senso;Asciutto;Asfaltata;Verticale ed orizzontale;Nuvoloso;Intenso;Buona;Ore Diurne;0;0;0;3;;;-1;1;Autovettura privata;In marcia / fermata / arresto;Passeggero;M;Illeso;0;;Utilizzato;Inesploso
1949260;12;04/07/2013 08:15;Strada Urbana;VIALE DELL'UMANESIMO;da specificare;;;;altezza Piazza Nervi ;Scontro laterale fra veicoli in marcia;Rettilineo;Una carreggiata a doppio senso;Asciutto;Asfaltata;Verticale ed orizzontale;Nuvoloso;Intenso;Buona;Ore Diurne;0;0;0;3;;;-1;2;Motociclo a solo;In marcia / fermata / arresto;Conducente;M;Illeso;0;;Utilizzato;Inesploso
1949261;4;04/07/2013 11:00;Strada Urbana;VIA MONTE CERVIALTO;in corrispondenza;;del  fronte civico n. ;231;;Tamponamento;Rettilineo;Più di due carreggiate;Asciutto;Asfaltata;Orizzontale;Sereno;Normale;Buona;Ore Diurne;0;0;0;2;;;-1;1;Autovettura privata;In marcia / fermata / arresto;Conducente;M;Illeso;0;;Non accertato;Inesistente
1949261;4;04/07/2013 11:00;Strada Urbana;VIA MONTE CERVIALTO;in corrispondenza;;del  fronte civico n. ;231;;Tamponamento;Rettilineo;Più di due carreggiate;Asciutto;Asfaltata;Orizzontale;Sereno;Normale;Buona;Ore Diurne;0;0;0;2;;;-1;2;Motociclo a solo;In marcia / fermata / arresto;Conducente;M;Illeso;0;;Non accertato;Inesistente
1949262;18;04/07/2013 16:15;Strada Urbana;VIA CORNELIA;all'intersezione semaforizzata con;VIA DI BOCCEA;VIA DI BOCCEA;;;Scontro frontale/laterale DX fra veicoli in marcia;Intersezione semaforizzata;Più di due carreggiate;Asciutto;Asfaltata;Verticale ed orizzontale;Sereno;Normale;Buona;Ore Diurne;2;0;0;1;;;-1;1;Autovettura privata;In marcia / fermata / arresto;Conducente;F;Rimandato;0;NON DECEDUTO;Non accertato;Inesploso
1949262;18;04/07/2013 16:15;Strada Urbana;VIA CORNELIA;all'intersezione semaforizzata con;VIA DI BOCCEA;VIA DI BOCCEA;;;Scontro frontale/laterale DX fra veicoli in marcia;Intersezione semaforizzata;Più di due carreggiate;Asciutto;Asfaltata;Verticale ed orizzontale;Sereno;Normale;Buona;Ore Diurne;2;0;0;1;;;-1;1;Autovettura privata;In marcia / fermata / arresto;Passeggero;F;Rimandato;0;NON DECEDUTO;Non accertato;Inesploso
1949262;18;04/07/2013 16:15;Strada Urbana;VIA CORNELIA;all'intersezione semaforizzata con;VIA DI BOCCEA;VIA DI BOCCEA;;;Scontro frontale/laterale DX fra veicoli in marcia;Intersezione semaforizzata;Più di due carreggiate;Asciutto;Asfaltata;Verticale ed orizzontale;Sereno;Normale;Buona;Ore Diurne;2;0;0;1;;;-1;2;Autovettura privata;In marcia / fermata / arresto;Conducente;M;Illeso;0;;Non accertato;Inesploso
1949263;13;04/07/2013 12:20;Strada Urbana;VIA DI ACILIA;da specificare;;;;ALT.TERZULTIMO ALBERO DIREZIONE C. COLOMBO;Veicolo in marcia contro ostacolo accidentale;Rettilineo;Una carreggiata a doppio senso;Asciutto;Asfaltata;Verticale ed orizzontale;Sereno;Normale;Buona;Ore Diurne;0;0;0;1;;;-1;1;Autovettura privata;In marcia / fermata / arresto;Conducente;M;Illeso;0;;Non accertato;Inesploso
1949264;1;04/07/2013 16:15;Strada Urbana;CORSO VITTORIO EMANUELE II;all'intersezione con;VIA MONTERONE;VIA MONTERONE;;;Infortunio per sola frenata improvvisa;Intersezione non regolata/non segnalata;Una carreggiata a doppio senso;Asciutto;Asfaltata;Assente;Sereno;Normale;Buona;Ore Diurne;1;0;0;1;;;-1;1;Motociclo a solo;In marcia / fermata / arresto;Conducente;M;Illeso;0;;Non accertato;Inesistente
1949264;1;04/07/2013 16:15;Strada Urbana;CORSO VITTORIO EMANUELE II;all'intersezione con;VIA MONTERONE;VIA MONTERONE;;;Infortunio per sola frenata improvvisa;Intersezione non regolata/non segnalata;Una carreggiata a doppio senso;Asciutto;Asfaltata;Assente;Sereno;Normale;Buona;Ore Diurne;1;0;0;1;;;-1;2;Motociclo a solo;In marcia / fermata / arresto;Conducente;F;Rifiuta cure immediate;0;NON DECEDUTO;Non accertato;Inesistente
1949265;4;04/07/2013 09:00;Provinciale entro l'abitato;VIA NOMENTANA;in corrispondenza;;del civico n. ;1342;;Scontro frontale/laterale SX fra veicoli in marcia;Rettilineo;Una carreggiata a doppio senso;Asciutto;Asfaltata;Verticale ed orizzontale;Nuvoloso;Normale;Buona;Ore Diurne;0;0;0;3;;;-1;1;Autovettura privata;In marcia / fermata / arresto;Conducente;F;Illeso;0;;Non accertato;Inesploso
1949265;4;04/07/2013 09:00;Provinciale entro l'abitato;VIA NOMENTANA;in corrispondenza;;del civico n. ;1342;;Scontro frontale/laterale SX fra veicoli in marcia;Rettilineo;Una carreggiata a doppio senso;Asciutto;Asfaltata;Verticale ed orizzontale;Nuvoloso;Normale;Buona;Ore Diurne;0;0;0;3;;;-1;1;Autovettura privata;In marcia / fermata / arresto;Passeggero;F;Illeso;0;;Non accertato;Inesistente
1949265;4;04/07/2013 09:00;Provinciale entro l'abitato;VIA NOMENTANA;in corrispondenza;;del civico n. ;1342;;Scontro frontale/laterale SX fra veicoli in marcia;Rettilineo;Una carreggiata a doppio senso;Asciutto;Asfaltata;Verticale ed orizzontale;Nuvoloso;Normale;Buona;Ore Diurne;0;0;0;3;;;-1;2;Motociclo a solo;In marcia / fermata / arresto;Conducente;F;Illeso;0;;Non accertato;Inesistente
1949266;1;04/07/2013 18:00;Strada Urbana;VIA VENTI SETTEMBRE;in prossimità;;del fronte civico n. ;81;;Veicolo in marcia contro ostacolo fisso;Curva a visuale libera;Una carreggiata a doppio senso;Asciutto;In conglomerato cementizio;Verticale ed orizzontale;Sereno;Normale;Buona;Ore Diurne;2;0;0;0;;;-1;1;Autovettura privata;In marcia / fermata / arresto;Conducente;F;Ricoverato;0;NON DECEDUTO;Non accertato;Inesistente
1949266;1;04/07/2013 18:00;Strada Urbana;VIA VENTI SETTEMBRE;in prossimità;;del fronte civico n. ;81;;Veicolo in marcia contro ostacolo fisso;Curva a visuale libera;Una carreggiata a doppio senso;Asciutto;In conglomerato cementizio;Verticale ed orizzontale;Sereno;Normale;Buona;Ore Diurne;2;0;0;0;;;-1;1;Autovettura privata;In marcia / fermata / arresto;Passeggero;F;Rimandato;0;NON DECEDUTO;Non accertato;Inesistente
1949267;4;04/07/2013 13:20;Strada Urbana;VIA ETTORE ROMAGNOLI;all'intersezione con;VIA NOMENTANA;VIA NOMENTANA;;;Tamponamento;Intersezione non regolata/non segnalata;Due carreggiate;Asciutto;Asfaltata;Verticale ed orizzontale;Sereno;Normale;Buona;Ore Diurne;1;0;0;2;;;-1;1;Autovettura privata;In marcia / fermata / arresto;Conducente;F;Rifiuta cure immediate;0;NON DECEDUTO;Non accertato;Inesistente
1949267;4;04/07/2013 13:20;Strada Urbana;VIA ETTORE ROMAGNOLI;all'intersezione con;VIA NOMENTANA;VIA NOMENTANA;;;Tamponamento;Intersezione non regolata/non segnalata;Due carreggiate;Asciutto;Asfaltata;Verticale ed orizzontale;Sereno;Normale;Buona;Ore Diurne;1;0;0;2;;;-1;1;Autovettura privata;In marcia / fermata / arresto;Passeggero;F;Illeso;0;;Non accertato;Inesistente
1949267;4;04/07/2013 13:20;Strada Urbana;VIA ETTORE ROMAGNOLI;all'intersezione con;VIA NOMENTANA;VIA NOMENTANA;;;Tamponamento;Intersezione non regolata/non segnalata;Due carreggiate;Asciutto;Asfaltata;Verticale ed orizzontale;Sereno;Normale;Buona;Ore Diurne;1;0;0;2;;;-1;2;Autovettura privata;In marcia / fermata / arresto;Conducente;F;Illeso;0;;Non accertato;Inesistente
1949268;3;04/07/2013 08:10;Strada Urbana;VIA NOMENTANA;in prossimità;;del civico n. ;66;;Tamponamento Multiplo;Rettilineo;Due carreggiate;Bagnato (umidità in atto);Asfaltata;Verticale ed orizzontale;Nuvoloso;Intenso;Buona;Ore Diurne;0;0;0;3;;;-1;1;Autovettura privata;In marcia / fermata / arresto;Conducente;M;Illeso;0;;Utilizzato;Inesploso
1949268;3;04/07/2013 08:10;Strada Urbana;VIA NOMENTANA;in prossimità;;del civico n. ;66;;Tamponamento Multiplo;Rettilineo;Due carreggiate;Bagnato (umidità in atto);Asfaltata;Verticale ed orizzontale;Nuvoloso;Intenso;Buona;Ore Diurne;0;0;0;3;;;-1;2;Autovettura privata;In marcia / fermata / arresto;Conducente;F;Illeso;0;;Utilizzato;Inesistente
1949268;3;04/07/2013 08:10;Strada Urbana;VIA NOMENTANA;in prossimità;;del civico n. ;66;;Tamponamento Multiplo;Rettilineo;Due carreggiate;Bagnato (umidità in atto);Asfaltata;Verticale ed orizzontale;Nuvoloso;Intenso;Buona;Ore Diurne;0;0;0;3;;;-1;3;Autovettura privata;In marcia / fermata / arresto;Conducente;F;Illeso;0;;Utilizzato;Inesistente
1949269;3;04/07/2013 10:15;Strada Urbana;VIALE DEL POLICLINICO;da specificare;;;;sottovia muro torto uscita;Scontro frontale fra veicoli in marcia;Sottopasso illuminato;Una carreggiata a senso unico di marcia;Viscido da liquidi oleosi;Asfaltata;Verticale ed orizzontale;Sereno;Normale;Sufficiente;Ore Diurne;2;0;0;0;;;-1;1;Motociclo con passeggero;In marcia / fermata / arresto;Conducente;F;Ricoverato;0;NON DECEDUTO;Utilizzato;Inesistente
1949269;3;04/07/2013 10:15;Strada Urbana;VIALE DEL POLICLINICO;da specificare;;;;sottovia muro torto uscita;Scontro frontale fra veicoli in marcia;Sottopasso illuminato;Una carreggiata a senso unico di marcia;Viscido da liquidi oleosi;Asfaltata;Verticale ed orizzontale;Sereno;Normale;Sufficiente;Ore Diurne;2;0;0;0;;;-1;1;Motociclo con passeggero;In marcia / fermata / arresto;Passeggero;M;Ricoverato;0;NON DECEDUTO;Utilizzato;Inesistente
1949270;3;04/07/2013 09:00;Strada Urbana;VIALE DEL POLICLINICO;da specificare;;;;sottovia muro torto uscita;Veicolo in marcia contro ostacolo accidentale;Sottopasso illuminato;Una carreggiata a senso unico di marcia;Viscido da liquidi oleosi;Asfaltata;Verticale ed orizzontale;Sereno;Normale;Sufficiente;Ore Diurne;0;0;0;1;;;-1;1;Motociclo con passeggero;In marcia / fermata / arresto;Conducente;M;Illeso;0;;Utilizzato;Inesistente
1949271;19;04/07/2013 08:05;Strada Urbana;VIA TRIONFALE;in corrispondenza;;del civico n. ;10104;;Scontro laterale fra veicoli in marcia;Rettilineo;Una carreggiata a doppio senso;Asciutto;Asfaltata;Orizzontale;Sereno;Normale;Buona;Ore Diurne;1;0;0;1;;;-1;1;Autovettura privata;In marcia / fermata / arresto;Conducente;M;Illeso;0;;Esente;Inesistente
1949271;19;04/07/2013 08:05;Strada Urbana;VIA TRIONFALE;in corrispondenza;;del civico n. ;10104;;Scontro laterale fra veicoli in marcia;Rettilineo;Una carreggiata a doppio senso;Asciutto;Asfaltata;Orizzontale;Sereno;Normale;Buona;Ore Diurne;1;0;0;1;;;-1;2;Motociclo a solo;In marcia / fermata / arresto;Conducente;F;Rimandato;0;NON DECEDUTO;Non accertato;Inesistente
1949272;3;03/07/2013 16:10;Strada Urbana;CIRCONVALLAZIONE NOMENTANA;da specificare;;;;direzione Salaria fronte Caserma Bianchi;Tamponamento Multiplo;Rettilineo;Più di due carreggiate;Asciutto;Asfaltata;Verticale ed orizzontale;Sereno;Intenso;Buona;Ore Diurne;0;0;0;3;;;-1;1;Autovettura privata;In marcia / fermata / arresto;Conducente;M;Illeso;0;;Non accertato;Inesistente
1949272;3;03/07/2013 16:10;Strada Urbana;CIRCONVALLAZIONE NOMENTANA;da specificare;;;;direzione Salaria fronte Caserma Bianchi;Tamponamento Multiplo;Rettilineo;Più di due carreggiate;Asciutto;Asfaltata;Verticale ed orizzontale;Sereno;Intenso;Buona;Ore Diurne;0;0;0;3;;;-1;2;Autovettura privata;In marcia / fermata / arresto;Conducente;M;Illeso;0;;Non accertato;Inesistente
1949272;3;03/07/2013 16:10;Strada Urbana;CIRCONVALLAZIONE NOMENTANA;da specificare;;;;direzione Salaria fronte Caserma Bianchi;Tamponamento Multiplo;Rettilineo;Più di due carreggiate;Asciutto;Asfaltata;Verticale ed orizzontale;Sereno;Intenso;Buona;Ore Diurne;0;0;0;3;;;-1;3;Autovettura privata;In marcia / fermata / arresto;Conducente;M;Illeso;0;;Non accertato;Inesistente