Protocollo;Gruppo;DataOraIncidente;Localizzazione1;STRADA1;Localizzazione2;STRADA2;Strada02;Chilometrica;DaSpecificare;NaturaIncidente;particolaritastrade;TipoStrada;FondoStradale;Pavimentazione;Segnaletica;CondizioneAtmosferica;Traffico;Visibilita;Illuminazione;NUM_FERITI;NUM_RISERVATA;NUM_MORTI;NUM_ILLESI;Longitudine;Latitudine;Confermato;Progressivo;TipoVeicolo;StatoVeicolo;TipoPersona;Sesso;Tipolesione;Deceduto;DecedutoDopo;CinturaCascoUtilizzato;Airbag
1949712;6;10/07/2013 12:00;Strada Urbana;VIA CASILINA;in corrispondenza;;del civico n. ;561;;Veicolo in marcia contro veicoli in sosta;Rettilineo;Più di due carreggiate;Asciutto;Asfaltata;Verticale;Sereno;Normale;Buona;Ore Diurne;1;0;0;0;;;-1;1;Autocarro inferiore 35 q.;In marcia / fermata / arresto;Conducente;M;Rimandato;0;NON DECEDUTO;Non accertato;Inesistente
1949713;18;09/07/2013 09:50;Strada Urbana;VIA DOMENICO TARDINI;all'intersezione con;VIA FRANCESCO ALBERGOTTI;VIA FRANCESCO ALBERGOTTI;;;Scontro laterale fra veicoli in marcia;Intersezione semaforizzata;Una carreggiata a senso unico di marcia;Asciutto;Asfaltata;Verticale ed orizzontale;Sereno;Intenso;Buona;Ore Diurne;0;0;0;2;;;-1;1;Autocarro inferiore 35 q.;In marcia / fermata / arresto;Conducente;M;Illeso;0;;Non accertato;Inesploso
1949713;18;09/07/2013 09:50;Strada Urbana;VIA DOMENICO TARDINI;all'intersezione con;VIA FRANCESCO ALBERGOTTI;VIA FRANCESCO ALBERGOTTI;;;Scontro laterale fra veicoli in marcia;Intersezione semaforizzata;Una carreggiata a senso unico di marcia;Asciutto;Asfaltata;Verticale ed orizzontale;Sereno;Intenso;Buona;Ore Diurne;0;0;0;2;;;-1;2;Autobus turistico;In marcia / fermata / arresto;Conducente;M;Illeso;0;;Non accertato;Inesistente
1949714;18;09/07/2013 11:55;Strada Urbana;VIA AURELIA;in prossimità;;del civico n. ;768;;Scontro laterale fra veicoli in marcia;Rettilineo;Una carreggiata a senso unico di marcia;Asciutto;Asfaltata;Verticale ed orizzontale;Sereno;Scarso;Buona;Ore Diurne;1;0;0;1;;;-1;1;Autocarro inferiore 35 q.;In marcia / fermata / arresto;Conducente;M;Illeso;0;;Non accertato;Inesploso
1949714;18;09/07/2013 11:55;Strada Urbana;VIA AURELIA;in prossimità;;del civico n. ;768;;Scontro laterale fra veicoli in marcia;Rettilineo;Una carreggiata a senso unico di marcia;Asciutto;Asfaltata;Verticale ed orizzontale;Sereno;Scarso;Buona;Ore Diurne;1;0;0;1;;;-1;2;Motociclo a solo;In marcia / fermata / arresto;Conducente;M;Rifiuta cure immediate;0;NON DECEDUTO;Non accertato;Inesploso
1949715;6;10/07/2013 10:45;Strada Urbana;VIA DI ACQUA BULLICANTE;all'intersezione con;VIA ANACAPRI;VIA ANACAPRI;;;Scontro frontale/laterale DX fra veicoli in marcia;Incrocio;Una carreggiata a doppio senso;Asciutto;Asfaltata;Orizzontale;Sereno;Normale;Buona;Ore Diurne;1;0;0;2;;;-1;1;Autovettura privata;In marcia / fermata / arresto;Conducente;M;Illeso;0;;Non accertato;Inesploso
1949715;6;10/07/2013 10:45;Strada Urbana;VIA DI ACQUA BULLICANTE;all'intersezione con;VIA ANACAPRI;VIA ANACAPRI;;;Scontro frontale/laterale DX fra veicoli in marcia;Incrocio;Una carreggiata a doppio senso;Asciutto;Asfaltata;Orizzontale;Sereno;Normale;Buona;Ore Diurne;1;0;0;2;;;-1;1;Autovettura privata;In marcia / fermata / arresto;Passeggero;F;Illeso;0;;Non accertato;Inesploso
1949715;6;10/07/2013 10:45;Strada Urbana;VIA DI ACQUA BULLICANTE;all'intersezione con;VIA ANACAPRI;VIA ANACAPRI;;;Scontro frontale/laterale DX fra veicoli in marcia;Incrocio;Una carreggiata a doppio senso;Asciutto;Asfaltata;Orizzontale;Sereno;Normale;Buona;Ore Diurne;1;0;0;2;;;-1;2;Motociclo a solo;In marcia / fermata / arresto;Conducente;F;Rimandato;0;NON DECEDUTO;Utilizzato;Inesistente
1949716;18;09/07/2013 12:35;Strada Urbana;CIRCONVALLAZIONE CORNELIA;all'intersezione semaforizzata con;PIAZZA S. GIOVANNI BATTISTA DE LA SALLE;PIAZZA S. GIOVANNI BATTISTA DE LA SALLE;;;Scontro frontale fra veicoli in marcia;Intersezione semaforizzata;Due carreggiate;Asciutto;Asfaltata;Verticale ed orizzontale;Sereno;Normale;Buona;Ore Diurne;0;0;0;2;;;-1;1;Autovettura privata;In marcia / fermata / arresto;Conducente;M;Illeso;0;;Non accertato;Inesploso
1949716;18;09/07/2013 12:35;Strada Urbana;CIRCONVALLAZIONE CORNELIA;all'intersezione semaforizzata con;PIAZZA S. GIOVANNI BATTISTA DE LA SALLE;PIAZZA S. GIOVANNI BATTISTA DE LA SALLE;;;Scontro frontale fra veicoli in marcia;Intersezione semaforizzata;Due carreggiate;Asciutto;Asfaltata;Verticale ed orizzontale;Sereno;Normale;Buona;Ore Diurne;0;0;0;2;;;-1;2;Motociclo a solo;In marcia / fermata / arresto;Conducente;M;Illeso;0;;Non accertato;Inesistente
1949718;1;05/07/2013 14:20;Strada Urbana;VIA SICILIA;all'intersezione con;VIA ABRUZZI;VIA ABRUZZI;;;Scontro frontale/laterale DX fra veicoli in marcia;Incrocio;Una carreggiata a senso unico di marcia;Asciutto;Asfaltata;Verticale ed orizzontale;Sereno;Scarso;Buona;Ore Diurne;0;0;0;4;;;-1;1;Autovettura privata;In marcia / fermata / arresto;Conducente;F;Illeso;0;;Non accertato;Inesistente
1949718;1;05/07/2013 14:20;Strada Urbana;VIA SICILIA;all'intersezione con;VIA ABRUZZI;VIA ABRUZZI;;;Scontro frontale/laterale DX fra veicoli in marcia;Incrocio;Una carreggiata a senso unico di marcia;Asciutto;Asfaltata;Verticale ed orizzontale;Sereno;Scarso;Buona;Ore Diurne;0;0;0;4;;;-1;1;Autovettura privata;In marcia / fermata / arresto;Passeggero;M;Illeso;0;;Non accertato;Inesistente
1949718;1;05/07/2013 14:20;Strada Urbana;VIA SICILIA;all'intersezione con;VIA ABRUZZI;VIA ABRUZZI;;;Scontro frontale/laterale DX fra veicoli in marcia;Incrocio;Una carreggiata a senso unico di marcia;Asciutto;Asfaltata;Verticale ed orizzontale;Sereno;Scarso;Buona;Ore Diurne;0;0;0;4;;;-1;1;Autovettura privata;In marcia / fermata / arresto;Passeggero;F;Illeso;0;;Non accertato;Inesploso
1949718;1;05/07/2013 14:20;Strada Urbana;VIA SICILIA;all'intersezione con;VIA ABRUZZI;VIA ABRUZZI;;;Scontro frontale/laterale DX fra veicoli in marcia;Incrocio;Una carreggiata a senso unico di marcia;Asciutto;Asfaltata;Verticale ed orizzontale;Sereno;Scarso;Buona;Ore Diurne;0;0;0;4;;;-1;2;Autovettura privata;In marcia / fermata / arresto;Conducente;M;Illeso;0;;Non accertato;Inesistente
1949719;1;06/07/2013 17:30;Strada Urbana;PIAZZA DI PORTA CAPENA;all'intersezione semaforizzata con;VIA DEI CERCHI;VIA DEI CERCHI;;;Scontro laterale fra veicoli in marcia;Intersezione semaforizzata;Una carreggiata a doppio senso;Asciutto;Asfaltata;Verticale ed orizzontale;Sereno;Scarso;Buona;Ore Diurne;0;0;0;2;;;-1;1;Autovettura privata;In marcia / fermata / arresto;Conducente;M;Illeso;0;;Non accertato;Inesploso
1949719;1;06/07/2013 17:30;Strada Urbana;PIAZZA DI PORTA CAPENA;all'intersezione semaforizzata con;VIA DEI CERCHI;VIA DEI CERCHI;;;Scontro laterale fra veicoli in marcia;Intersezione semaforizzata;Una carreggiata a doppio senso;Asciutto;Asfaltata;Verticale ed orizzontale;Sereno;Scarso;Buona;Ore Diurne;0;0;0;2;;;-1;2;Autovettura privata;In marcia / fermata / arresto;Conducente;M;Illeso;0;;Non accertato;Inesploso
1949720;1;08/07/2013 19:20;Strada Urbana;PIAZZALE OSTIENSE;da specificare;;;;FRONTE METRO ;Scontro frontale/laterale DX fra veicoli in marcia;Rettilineo;Una carreggiata a doppio senso;Asciutto;Asfaltata;Assente;Sereno;Normale;Buona;Ore Diurne;1;0;0;2;;;-1;1;Motociclo a solo;In marcia / fermata / arresto;Conducente;M;Rifiuta cure immediate;0;NON DECEDUTO;Non accertato;Inesistente
1949720;1;08/07/2013 19:20;Strada Urbana;PIAZZALE OSTIENSE;da specificare;;;;FRONTE METRO ;Scontro frontale/laterale DX fra veicoli in marcia;Rettilineo;Una carreggiata a doppio senso;Asciutto;Asfaltata;Assente;Sereno;Normale;Buona;Ore Diurne;1;0;0;2;;;-1;2;Veicolo speciale;In marcia / fermata / arresto;Conducente;M;Illeso;0;;Non accertato;Inesistente
1949720;1;08/07/2013 19:20;Strada Urbana;PIAZZALE OSTIENSE;da specificare;;;;FRONTE METRO ;Scontro frontale/laterale DX fra veicoli in marcia;Rettilineo;Una carreggiata a doppio senso;Asciutto;Asfaltata;Assente;Sereno;Normale;Buona;Ore Diurne;1;0;0;2;;;-1;2;Veicolo speciale;In marcia / fermata / arresto;Passeggero;M;Illeso;0;;Non accertato;Inesistente
1949721;1;05/07/2013 23:55;Strada Urbana;PIAZZA VENEZIA;da specificare;;;;PALAZZO ASS.NI GENERALI;Tamponamento;Rettilineo;Una carreggiata a senso unico di marcia;Asciutto;In cubetti di porfido;Orizzontale;Sereno;Normale;Sufficiente;Sufficiente;0;0;0;3;;;-1;1;Motociclo a solo;In marcia / fermata / arresto;Conducente;M;Illeso;0;;Non accertato;Inesistente
1949721;1;05/07/2013 23:55;Strada Urbana;PIAZZA VENEZIA;da specificare;;;;PALAZZO ASS.NI GENERALI;Tamponamento;Rettilineo;Una carreggiata a senso unico di marcia;Asciutto;In cubetti di porfido;Orizzontale;Sereno;Normale;Sufficiente;Sufficiente;0;0;0;3;;;-1;2;Autovettura privata;In marcia / fermata / arresto;Conducente;M;Illeso;0;;Non accertato;Inesistente
1949721;1;05/07/2013 23:55;Strada Urbana;PIAZZA VENEZIA;da specificare;;;;PALAZZO ASS.NI GENERALI;Tamponamento;Rettilineo;Una carreggiata a senso unico di marcia;Asciutto;In cubetti di porfido;Orizzontale;Sereno;Normale;Sufficiente;Sufficiente;0;0;0;3;;;-1;2;Autovettura privata;In marcia / fermata / arresto;Passeggero;F;Illeso;0;;Non accertato;Inesistente
1949722;6;10/07/2013 14:10;Strada Urbana;VIA PRENESTINA;all'intersezione semaforizzata con;LARGO PRENESTE;LARGO PRENESTE;;;Scontro laterale fra veicoli in marcia;Incrocio;Più di due carreggiate;Asciutto;Asfaltata;Verticale ed orizzontale;Sereno;Normale;Buona;Ore Diurne;0;0;0;3;;;-1;1;Vettura tranviaria;In marcia / fermata / arresto;Conducente;M;Illeso;0;;Esente;Inesistente
1949722;6;10/07/2013 14:10;Strada Urbana;VIA PRENESTINA;all'intersezione semaforizzata con;LARGO PRENESTE;LARGO PRENESTE;;;Scontro laterale fra veicoli in marcia;Incrocio;Più di due carreggiate;Asciutto;Asfaltata;Verticale ed orizzontale;Sereno;Normale;Buona;Ore Diurne;0;0;0;3;;;-1;2;Autovettura privata;In marcia / fermata / arresto;Conducente;M;Illeso;0;;Non accertato;Inesploso
1949722;6;10/07/2013 14:10;Strada Urbana;VIA PRENESTINA;all'intersezione semaforizzata con;LARGO PRENESTE;LARGO PRENESTE;;;Scontro laterale fra veicoli in marcia;Incrocio;Più di due carreggiate;Asciutto;Asfaltata;Verticale ed orizzontale;Sereno;Normale;Buona;Ore Diurne;0;0;0;3;;;-1;3;Autovettura privata;In marcia / fermata / arresto;Conducente;M;Illeso;0;;Non accertato;Inesploso
1949723;5;10/07/2013 09:15;Strada Urbana;VIALE MARX;all'intersezione con;VIA SPINOZA;VIA SPINOZA;;;Tamponamento;Rotatoria;Due carreggiate;Asciutto;Asfaltata;Verticale ed orizzontale;Sereno;Normale;Buona;Ore Diurne;0;0;0;3;;;-1;1;Autovettura privata;In marcia / fermata / arresto;Conducente;F;Illeso;0;;Non accertato;Inesploso
1949723;5;10/07/2013 09:15;Strada Urbana;VIALE MARX;all'intersezione con;VIA SPINOZA;VIA SPINOZA;;;Tamponamento;Rotatoria;Due carreggiate;Asciutto;Asfaltata;Verticale ed orizzontale;Sereno;Normale;Buona;Ore Diurne;0;0;0;3;;;-1;1;Autovettura privata;In marcia / fermata / arresto;Passeggero;F;Illeso;0;;Non accertato;Inesploso
1949723;5;10/07/2013 09:15;Strada Urbana;VIALE MARX;all'intersezione con;VIA SPINOZA;VIA SPINOZA;;;Tamponamento;Rotatoria;Due carreggiate;Asciutto;Asfaltata;Verticale ed orizzontale;Sereno;Normale;Buona;Ore Diurne;0;0;0;3;;;-1;2;Autovettura privata;In marcia / fermata / arresto;Conducente;M;Illeso;0;;Non accertato;Inesploso
1949724;15;10/07/2013 09:30;Strada Urbana;PONTE GUGLIELMO MARCONI;da specificare;;;;prox. IV palo Acea;Scontro frontale fra veicoli in marcia;Rettilineo;Una carreggiata a doppio senso;Asciutto;Asfaltata;Orizzontale;Sereno;Normale;Buona;Ore Diurne;0;0;0;3;;;-1;1;Autovettura privata;In marcia / fermata / arresto;Conducente;M;Illeso;0;;Utilizzato;Inesistente
1949724;15;10/07/2013 09:30;Strada Urbana;PONTE GUGLIELMO MARCONI;da specificare;;;;prox. IV palo Acea;Scontro frontale fra veicoli in marcia;Rettilineo;Una carreggiata a doppio senso;Asciutto;Asfaltata;Orizzontale;Sereno;Normale;Buona;Ore Diurne;0;0;0;3;;;-1;2;Autovettura privata;In marcia / fermata / arresto;Conducente;M;Illeso;0;;Utilizzato;Inesistente
1949724;15;10/07/2013 09:30;Strada Urbana;PONTE GUGLIELMO MARCONI;da specificare;;;;prox. IV palo Acea;Scontro frontale fra veicoli in marcia;Rettilineo;Una carreggiata a doppio senso;Asciutto;Asfaltata;Orizzontale;Sereno;Normale;Buona;Ore Diurne;0;0;0;3;;;-1;2;Autovettura privata;In marcia / fermata / arresto;Passeggero;F;Illeso;0;;Utilizzato;Inesistente
1949725;15;10/07/2013 08:30;Strada Urbana;VIA DELLA MAGLIANA;all'intersezione semaforizzata con;VIADOTTO DELLA MAGLIANA;VIADOTTO DELLA MAGLIANA;;;Scontro laterale fra veicoli in marcia;Intersezione semaforizzata;Due carreggiate;Asciutto;Asfaltata;Verticale ed orizzontale;Sereno;Normale;Sufficiente;Ore Diurne;0;0;0;2;;;-1;1;Autovettura privata;In marcia / fermata / arresto;Conducente;F;Illeso;0;;Utilizzato;Inesistente
1949725;15;10/07/2013 08:30;Strada Urbana;VIA DELLA MAGLIANA;all'intersezione semaforizzata con;VIADOTTO DELLA MAGLIANA;VIADOTTO DELLA MAGLIANA;;;Scontro laterale fra veicoli in marcia;Intersezione semaforizzata;Due carreggiate;Asciutto;Asfaltata;Verticale ed orizzontale;Sereno;Normale;Sufficiente;Ore Diurne;0;0;0;2;;;-1;2;Autocarro inferiore 35 q.;In marcia / fermata / arresto;Conducente;M;Illeso;0;;Utilizzato;Inesistente
1949726;15;10/07/2013 10:30;Strada Urbana;VIA DELL'IMPRUNETA;all'intersezione con;VIA PIEVE FOSCIANA;VIA PIEVE FOSCIANA;;;Scontro frontale/laterale DX fra veicoli in marcia;Intersezione non regolata/non segnalata;Due carreggiate;Asciutto;Asfaltata;Verticale ed orizzontale;Sereno;Normale;Buona;Ore Diurne;0;0;0;4;;;-1;1;Autovettura privata;In marcia / fermata / arresto;Conducente;M;Illeso;0;;Non accertato;Inesploso
1949726;15;10/07/2013 10:30;Strada Urbana;VIA DELL'IMPRUNETA;all'intersezione con;VIA PIEVE FOSCIANA;VIA PIEVE FOSCIANA;;;Scontro frontale/laterale DX fra veicoli in marcia;Intersezione non regolata/non segnalata;Due carreggiate;Asciutto;Asfaltata;Verticale ed orizzontale;Sereno;Normale;Buona;Ore Diurne;0;0;0;4;;;-1;1;Autovettura privata;In marcia / fermata / arresto;Passeggero;F;Illeso;0;;Non accertato;Inesploso
1949726;15;10/07/2013 10:30;Strada Urbana;VIA DELL'IMPRUNETA;all'intersezione con;VIA PIEVE FOSCIANA;VIA PIEVE FOSCIANA;;;Scontro frontale/laterale DX fra veicoli in marcia;Intersezione non regolata/non segnalata;Due carreggiate;Asciutto;Asfaltata;Verticale ed orizzontale;Sereno;Normale;Buona;Ore Diurne;0;0;0;4;;;-1;1;Autovettura privata;In marcia / fermata / arresto;Passeggero;F;Illeso;0;;Non accertato;Inesploso
1949726;15;10/07/2013 10:30;Strada Urbana;VIA DELL'IMPRUNETA;all'intersezione con;VIA PIEVE FOSCIANA;VIA PIEVE FOSCIANA;;;Scontro frontale/laterale DX fra veicoli in marcia;Intersezione non regolata/non segnalata;Due carreggiate;Asciutto;Asfaltata;Verticale ed orizzontale;Sereno;Normale;Buona;Ore Diurne;0;0;0;4;;;-1;2;Autovettura privata;In marcia / fermata / arresto;Conducente;M;Illeso;0;;Non accertato;Inesploso
1949727;11;10/07/2013 14:30;Strada Urbana;VIA LAURENTINA;in prossimità;;del civico n. ;470;;Tamponamento Multiplo;Rettilineo;Due carreggiate;Asciutto;Asfaltata;Verticale ed orizzontale;Sereno;Scarso;Buona;Ore Diurne;0;0;0;3;;;-1;1;Autovettura privata;In marcia / fermata / arresto;Conducente;M;Illeso;0;;Non accertato;Inesistente
1949727;11;10/07/2013 14:30;Strada Urbana;VIA LAURENTINA;in prossimità;;del civico n. ;470;;Tamponamento Multiplo;Rettilineo;Due carreggiate;Asciutto;Asfaltata;Verticale ed orizzontale;Sereno;Scarso;Buona;Ore Diurne;0;0;0;3;;;-1;2;Autovettura privata;In marcia / fermata / arresto;Conducente;F;Illeso;0;;Non accertato;Inesistente
1949727;11;10/07/2013 14:30;Strada Urbana;VIA LAURENTINA;in prossimità;;del civico n. ;470;;Tamponamento Multiplo;Rettilineo;Due carreggiate;Asciutto;Asfaltata;Verticale ed orizzontale;Sereno;Scarso;Buona;Ore Diurne;0;0;0;3;;;-1;3;Autovettura privata;In marcia / fermata / arresto;Conducente;F;Illeso;0;;Non accertato;Inesistente
1949728;20;10/07/2013 23:30;Strada Urbana;VIA FLAMINIA;da specificare;;;;SOTTOPASSO EUCLIdE;Veicolo in marcia contro ostacolo fisso;Curva senza visuale libera;Una carreggiata a senso unico di marcia;Bagnato (pioggia);Asfaltata;Verticale ed orizzontale;Nuvoloso;Scarso;Buona;Sufficiente;1;0;0;0;;;-1;1;Autovettura privata;In marcia / fermata / arresto;Conducente;M;Rifiuta cure immediate;0;NON DECEDUTO;Non accertato;Inesistente
1949729;10;10/07/2013 09:30;Strada Urbana;VIA TUSCOLANA;all'intersezione semaforizzata con;VIA VALERIO PUBLICOLA;VIA VALERIO PUBLICOLA;;;Scontro laterale fra veicoli in marcia;Incrocio;Una carreggiata a senso unico di marcia;Asciutto;Asfaltata;Verticale ed orizzontale;Nebbia;Normale;Buona;Ore Diurne;0;0;0;3;;;-1;1;Autovettura privata;In marcia / fermata / arresto;Conducente;M;Illeso;0;;Non accertato;Inesploso
1949729;10;10/07/2013 09:30;Strada Urbana;VIA TUSCOLANA;all'intersezione semaforizzata con;VIA VALERIO PUBLICOLA;VIA VALERIO PUBLICOLA;;;Scontro laterale fra veicoli in marcia;Incrocio;Una carreggiata a senso unico di marcia;Asciutto;Asfaltata;Verticale ed orizzontale;Nebbia;Normale;Buona;Ore Diurne;0;0;0;3;;;-1;2;Autovettura privata;In marcia / fermata / arresto;Conducente;F;Illeso;0;;Non accertato;Inesploso
1949729;10;10/07/2013 09:30;Strada Urbana;VIA TUSCOLANA;all'intersezione semaforizzata con;VIA VALERIO PUBLICOLA;VIA VALERIO PUBLICOLA;;;Scontro laterale fra veicoli in marcia;Incrocio;Una carreggiata a senso unico di marcia;Asciutto;Asfaltata;Verticale ed orizzontale;Nebbia;Normale;Buona;Ore Diurne;0;0;0;3;;;-1;2;Autovettura privata;In marcia / fermata / arresto;Passeggero;M;Illeso;0;;Non accertato;Inesistente
1949730;10;10/07/2013 10:40;Strada Urbana;VIA SINOPOLI;da specificare;;;;fronte civico 70 ;Veicolo in marcia contro veicolo in sosta;Rettilineo;Una carreggiata a doppio senso;Asciutto;Asfaltata;Assente;Sereno;Normale;Buona;Ore Diurne;0;0;0;1;;;-1;2;Autovettura privata;In marcia / fermata / arresto;Conducente;M;Illeso;0;;Non accertato;Inesploso
1949731;10;10/07/2013 13:35;Strada Urbana;VIA EMANUELE CARNEVALE;in prossimità;;del civico n. ;6;;Tamponamento;Rettilineo;Una carreggiata a doppio senso;Asciutto;Asfaltata;Verticale ed orizzontale;Sereno;Normale;Buona;Ore Diurne;1;0;0;2;;;-1;1;Autobus urbano;In marcia / fermata / arresto;Conducente;M;Illeso;0;;Non accertato;Inesistente
1949731;10;10/07/2013 13:35;Strada Urbana;VIA EMANUELE CARNEVALE;in prossimità;;del civico n. ;6;;Tamponamento;Rettilineo;Una carreggiata a doppio senso;Asciutto;Asfaltata;Verticale ed orizzontale;Sereno;Normale;Buona;Ore Diurne;1;0;0;2;;;-1;1;Autobus urbano;In marcia / fermata / arresto;Passeggero;F;Rimandato;0;NON DECEDUTO;Esente;Inesistente
1949731;10;10/07/2013 13:35;Strada Urbana;VIA EMANUELE CARNEVALE;in prossimità;;del civico n. ;6;;Tamponamento;Rettilineo;Una carreggiata a doppio senso;Asciutto;Asfaltata;Verticale ed orizzontale;Sereno;Normale;Buona;Ore Diurne;1;0;0;2;;;-1;2;Autocarro superiore 35 q.;In marcia / fermata / arresto;Conducente;M;Illeso;0;;Non accertato;Inesistente
1949732;10;10/07/2013 17:40;Strada Urbana;VIA FRANCESCO ANTOLISEI;in prossimità;;del civico n. ;25;;Veicolo in marcia contro ostacolo accidentale;Rettilineo;Due carreggiate;Asciutto;Asfaltata;Assente;Nuvoloso;Normale;Buona;Ore Diurne;0;0;0;1;;;-1;1;Autovettura privata;In marcia / fermata / arresto;Conducente;M;Illeso;0;;Non accertato;Inesploso
1949733;15;10/07/2013 17:30;Strada Urbana;VIA DELLA MAGLIANA;da specificare;;;;prox. rampa Viadotto della Magliana dir. Fiumicino;Scontro laterale fra veicoli in marcia;Curva a visuale libera;Una carreggiata a senso unico di marcia;Asciutto;Asfaltata;Verticale ed orizzontale;Sereno;Normale;Buona;Ore Diurne;0;0;0;1;;;-1;1;Autovettura privata;In marcia / fermata / arresto;Conducente;F;Illeso;0;;Utilizzato;Inesistente
1949734;7;10/07/2013 19:00;Provinciale entro l'abitato;VIA PRENESTINA;all'intersezione semaforizzata con;VIALE PALMIRO TOGLIATTI;VIALE PALMIRO TOGLIATTI;;;Scontro frontale/laterale DX fra veicoli in marcia;Incrocio;Una carreggiata a doppio senso;Asciutto;Asfaltata;Verticale ed orizzontale;Nuvoloso;Normale;Buona;Ore Diurne;0;0;0;3;;;-1;1;Autovettura privata;In marcia / fermata / arresto;Conducente;M;Illeso;0;;Non accertato;Inesploso
1949734;7;10/07/2013 19:00;Provinciale entro l'abitato;VIA PRENESTINA;all'intersezione semaforizzata con;VIALE PALMIRO TOGLIATTI;VIALE PALMIRO TOGLIATTI;;;Scontro frontale/laterale DX fra veicoli in marcia;Incrocio;Una carreggiata a doppio senso;Asciutto;Asfaltata;Verticale ed orizzontale;Nuvoloso;Normale;Buona;Ore Diurne;0;0;0;3;;;-1;1;Autovettura privata;In marcia / fermata / arresto;Passeggero;M;Illeso;0;;Non accertato;Inesploso
1949734;7;10/07/2013 19:00;Provinciale entro l'abitato;VIA PRENESTINA;all'intersezione semaforizzata con;VIALE PALMIRO TOGLIATTI;VIALE PALMIRO TOGLIATTI;;;Scontro frontale/laterale DX fra veicoli in marcia;Incrocio;Una carreggiata a doppio senso;Asciutto;Asfaltata;Verticale ed orizzontale;Nuvoloso;Normale;Buona;Ore Diurne;0;0;0;3;;;-1;2;Autovettura privata;In marcia / fermata / arresto;Conducente;M;Illeso;0;;Non accertato;Inesploso
1949735;15;10/07/2013 09:45;Strada Urbana;VIA DELLA PISANA;da specificare;;;;prox. palo Acea n. 37;Scontro laterale fra veicoli in marcia;Pendenza;Una carreggiata a doppio senso;Asciutto;Asfaltata;Verticale ed orizzontale;Sereno;Normale;Buona;Ore Diurne;2;0;0;0;;;-1;1;Motociclo a solo;In marcia / fermata / arresto;Conducente;M;Rimandato;0;NON DECEDUTO;Utilizzato;Inesistente
1949735;15;10/07/2013 09:45;Strada Urbana;VIA DELLA PISANA;da specificare;;;;prox. palo Acea n. 37;Scontro laterale fra veicoli in marcia;Pendenza;Una carreggiata a doppio senso;Asciutto;Asfaltata;Verticale ed orizzontale;Sereno;Normale;Buona;Ore Diurne;2;0;0;0;;;-1;2;Motociclo a solo;In marcia / fermata / arresto;Conducente;M;Rimandato;0;NON DECEDUTO;Utilizzato;Inesistente
1949736;9;10/07/2013 12:35;Strada Urbana;VIA TUSCOLANA;in prossimità;;del palo luce n. ;212;;Scontro laterale fra veicoli in marcia;Curva a visuale libera;Una carreggiata a doppio senso;Asciutto;Asfaltata;Verticale ed orizzontale;Sereno;Scarso;Buona;Ore Diurne;1;0;0;1;;;-1;1;Autovettura privata;In marcia / fermata / arresto;Conducente;M;Illeso;0;;Non accertato;Inesistente
1949736;9;10/07/2013 12:35;Strada Urbana;VIA TUSCOLANA;in prossimità;;del palo luce n. ;212;;Scontro laterale fra veicoli in marcia;Curva a visuale libera;Una carreggiata a doppio senso;Asciutto;Asfaltata;Verticale ed orizzontale;Sereno;Scarso;Buona;Ore Diurne;1;0;0;1;;;-1;2;Motociclo a solo;In marcia / fermata / arresto;Conducente;F;Rimandato;0;NON DECEDUTO;Non accertato;Inesistente
1949737;18;09/07/2013 15:40;Strada Urbana;VIA DELLA PINETA SACCHETTI;in corrispondenza;;del civico n. ;32A;;Scontro laterale fra veicoli in marcia;Rettilineo;Una carreggiata a doppio senso;Asciutto;Asfaltata;Verticale ed orizzontale;Nuvoloso;Normale;Buona;Ore Diurne;1;0;0;1;;;-1;1;Motociclo a solo;In marcia / fermata / arresto;Conducente;M;Rimandato;0;NON DECEDUTO;Non accertato;Inesistente
1949737;18;09/07/2013 15:40;Strada Urbana;VIA DELLA PINETA SACCHETTI;in corrispondenza;;del civico n. ;32A;;Scontro laterale fra veicoli in marcia;Rettilineo;Una carreggiata a doppio senso;Asciutto;Asfaltata;Verticale ed orizzontale;Nuvoloso;Normale;Buona;Ore Diurne;1;0;0;1;;;-1;2;Autovettura privata;In marcia / fermata / arresto;Conducente;M;Illeso;0;;Non accertato;Inesploso
1949738;5;10/07/2013 17:25;Strada Urbana;VIA PIEVEBOVIGLIANA;all'intersezione con;LARGO CAMERANO;LARGO CAMERANO;;;Scontro frontale/laterale DX fra veicoli in marcia;Incrocio;Una carreggiata a doppio senso;Asciutto;Asfaltata;Verticale ed orizzontale;Nuvoloso;Normale;Buona;Ore Diurne;0;0;0;3;;;-1;1;Autovettura privata;In marcia / fermata / arresto;Conducente;M;Illeso;0;;Non accertato;Inesploso
1949738;5;10/07/2013 17:25;Strada Urbana;VIA PIEVEBOVIGLIANA;all'intersezione con;LARGO CAMERANO;LARGO CAMERANO;;;Scontro frontale/laterale DX fra veicoli in marcia;Incrocio;Una carreggiata a doppio senso;Asciutto;Asfaltata;Verticale ed orizzontale;Nuvoloso;Normale;Buona;Ore Diurne;0;0;0;3;;;-1;1;Autovettura privata;In marcia / fermata / arresto;Passeggero;F;Illeso;0;;Non accertato;Inesploso
1949738;5;10/07/2013 17:25;Strada Urbana;VIA PIEVEBOVIGLIANA;all'intersezione con;LARGO CAMERANO;LARGO CAMERANO;;;Scontro frontale/laterale DX fra veicoli in marcia;Incrocio;Una carreggiata a doppio senso;Asciutto;Asfaltata;Verticale ed orizzontale;Nuvoloso;Normale;Buona;Ore Diurne;0;0;0;3;;;-1;2;Autobus urbano;In marcia / fermata / arresto;Conducente;M;Illeso;0;;Non accertato;Inesistente