Protocollo;Gruppo;DataOraIncidente;Localizzazione1;STRADA1;Localizzazione2;STRADA2;Strada02;Chilometrica;DaSpecificare;NaturaIncidente;particolaritastrade;TipoStrada;FondoStradale;Pavimentazione;Segnaletica;CondizioneAtmosferica;Traffico;Visibilita;Illuminazione;NUM_FERITI;NUM_RISERVATA;NUM_MORTI;NUM_ILLESI;Longitudine;Latitudine;Confermato;Progressivo;TipoVeicolo;StatoVeicolo;TipoPersona;Sesso;Tipolesione;Deceduto;DecedutoDopo;CinturaCascoUtilizzato;Airbag
1950659;8;22/07/2013 15:45;Strada Urbana;VIALE DELLA SORBONA;all'intersezione con;VIA COLUMBIA;VIA COLUMBIA;;;Scontro frontale/laterale SX fra veicoli in marcia;Rotatoria;Una carreggiata a senso unico di marcia;Asciutto;Asfaltata;Verticale ed orizzontale;Sereno;Normale;Buona;Ore Diurne;0;0;0;2;;;-1;1;Autovettura privata;In marcia / fermata / arresto;Conducente;M;Illeso;0;;Non accertato;Inesploso
1950659;8;22/07/2013 15:45;Strada Urbana;VIALE DELLA SORBONA;all'intersezione con;VIA COLUMBIA;VIA COLUMBIA;;;Scontro frontale/laterale SX fra veicoli in marcia;Rotatoria;Una carreggiata a senso unico di marcia;Asciutto;Asfaltata;Verticale ed orizzontale;Sereno;Normale;Buona;Ore Diurne;0;0;0;2;;;-1;2;Autovettura privata;In marcia / fermata / arresto;Conducente;F;Illeso;0;;Non accertato;Inesploso
1950660;8;22/07/2013 17:30;Strada Urbana;VIALE OXFORD;da specificare;;;;altezza rotatoria POLICLINICO TOR VERGATA;Scontro laterale fra veicoli in marcia;Rotatoria;Una carreggiata a senso unico di marcia;Asciutto;Asfaltata;Verticale ed orizzontale;Sereno;Normale;Buona;Ore Diurne;1;0;0;3;;;-1;1;Motociclo a solo;In marcia / fermata / arresto;Conducente;M;Rifiuta cure immediate;0;NON DECEDUTO;Non accertato;Inesistente
1950660;8;22/07/2013 17:30;Strada Urbana;VIALE OXFORD;da specificare;;;;altezza rotatoria POLICLINICO TOR VERGATA;Scontro laterale fra veicoli in marcia;Rotatoria;Una carreggiata a senso unico di marcia;Asciutto;Asfaltata;Verticale ed orizzontale;Sereno;Normale;Buona;Ore Diurne;1;0;0;3;;;-1;2;Autovettura privata;In marcia / fermata / arresto;Conducente;M;Illeso;0;;Non accertato;Inesploso
1950660;8;22/07/2013 17:30;Strada Urbana;VIALE OXFORD;da specificare;;;;altezza rotatoria POLICLINICO TOR VERGATA;Scontro laterale fra veicoli in marcia;Rotatoria;Una carreggiata a senso unico di marcia;Asciutto;Asfaltata;Verticale ed orizzontale;Sereno;Normale;Buona;Ore Diurne;1;0;0;3;;;-1;2;Autovettura privata;In marcia / fermata / arresto;Passeggero;F;Illeso;0;;Non accertato;Inesploso
1950660;8;22/07/2013 17:30;Strada Urbana;VIALE OXFORD;da specificare;;;;altezza rotatoria POLICLINICO TOR VERGATA;Scontro laterale fra veicoli in marcia;Rotatoria;Una carreggiata a senso unico di marcia;Asciutto;Asfaltata;Verticale ed orizzontale;Sereno;Normale;Buona;Ore Diurne;1;0;0;3;;;-1;2;Autovettura privata;In marcia / fermata / arresto;Passeggero;F;Illeso;0;;Non accertato;Inesistente
1950661;8;22/07/2013 14:30;Strada Urbana;VIA DI TOR BELLA MONACA;da specificare;;;;ALTEZZA SEMAFORO PEDONALE CIV. 497;Tamponamento;Rettilineo;Due carreggiate;Asciutto;Asfaltata;Verticale ed orizzontale;Sereno;Scarso;Buona;Ore Diurne;0;0;0;2;;;-1;1;Autovettura privata;In marcia / fermata / arresto;Conducente;M;Illeso;0;;Non accertato;Inesistente
1950661;8;22/07/2013 14:30;Strada Urbana;VIA DI TOR BELLA MONACA;da specificare;;;;ALTEZZA SEMAFORO PEDONALE CIV. 497;Tamponamento;Rettilineo;Due carreggiate;Asciutto;Asfaltata;Verticale ed orizzontale;Sereno;Scarso;Buona;Ore Diurne;0;0;0;2;;;-1;2;Autovettura privata;In marcia / fermata / arresto;Conducente;M;Illeso;0;;Non accertato;Inesistente
1950662;15;22/07/2013 19:05;Strada Urbana;VIA DEGLI IRLANDESI;all'intersezione con;VIA LUIGI SOLIDATI TIBURZI;VIA LUIGI SOLIDATI TIBURZI;;;Investimento di pedone;Intersezione stradale segnalata;Una carreggiata a senso unico di marcia;Asciutto;Asfaltata;Verticale ed orizzontale;Sereno;Normale;Buona;Ore Diurne;1;0;0;2;;;-1;;;;Pedone;F;Rimandato;0;NON DECEDUTO;;
1950662;15;22/07/2013 19:05;Strada Urbana;VIA DEGLI IRLANDESI;all'intersezione con;VIA LUIGI SOLIDATI TIBURZI;VIA LUIGI SOLIDATI TIBURZI;;;Investimento di pedone;Intersezione stradale segnalata;Una carreggiata a senso unico di marcia;Asciutto;Asfaltata;Verticale ed orizzontale;Sereno;Normale;Buona;Ore Diurne;1;0;0;2;;;-1;1;Autovettura privata;In marcia / fermata / arresto;Conducente;M;Illeso;0;;Utilizzato;Inesistente
1950662;15;22/07/2013 19:05;Strada Urbana;VIA DEGLI IRLANDESI;all'intersezione con;VIA LUIGI SOLIDATI TIBURZI;VIA LUIGI SOLIDATI TIBURZI;;;Investimento di pedone;Intersezione stradale segnalata;Una carreggiata a senso unico di marcia;Asciutto;Asfaltata;Verticale ed orizzontale;Sereno;Normale;Buona;Ore Diurne;1;0;0;2;;;-1;1;Autovettura privata;In marcia / fermata / arresto;Passeggero;F;Illeso;0;;Utilizzato;Inesistente
1950663;19;22/07/2013 17:40;Strada Urbana;VIA GIUSEPPE BARELLAI;in corrispondenza;;del civico n. ;60;;Fuoriuscita dalla sede stradale;Curva senza visuale libera;Una carreggiata a doppio senso;Asciutto;Asfaltata;Assente;Sereno;Scarso;Buona;Ore Diurne;0;0;1;0;;;-1;1;Motociclo a solo;In marcia / fermata / arresto;Conducente;M;Deceduto durante trasporto;-1;;Utilizzato;Inesistente
1950664;10;22/07/2013 21:20;Statale entro l'abitato;VIA TUSCOLANA;all'intersezione semaforizzata con;VIA LUCIO SESTIO;VIA LUCIO SESTIO;;;Scontro frontale/laterale SX fra veicoli in marcia;Incrocio;Due carreggiate;Asciutto;Asfaltata;Verticale ed orizzontale;Sereno;Normale;Buona;Sufficiente;0;0;0;3;;;-1;1;Autovettura privata;In marcia / fermata / arresto;Conducente;F;Illeso;0;;Non accertato;Inesploso
1950664;10;22/07/2013 21:20;Statale entro l'abitato;VIA TUSCOLANA;all'intersezione semaforizzata con;VIA LUCIO SESTIO;VIA LUCIO SESTIO;;;Scontro frontale/laterale SX fra veicoli in marcia;Incrocio;Due carreggiate;Asciutto;Asfaltata;Verticale ed orizzontale;Sereno;Normale;Buona;Sufficiente;0;0;0;3;;;-1;1;Autovettura privata;In marcia / fermata / arresto;Passeggero;M;Illeso;0;;Non accertato;Inesploso
1950664;10;22/07/2013 21:20;Statale entro l'abitato;VIA TUSCOLANA;all'intersezione semaforizzata con;VIA LUCIO SESTIO;VIA LUCIO SESTIO;;;Scontro frontale/laterale SX fra veicoli in marcia;Incrocio;Due carreggiate;Asciutto;Asfaltata;Verticale ed orizzontale;Sereno;Normale;Buona;Sufficiente;0;0;0;3;;;-1;2;Autovettura privata;In marcia / fermata / arresto;Conducente;M;Illeso;0;;Non accertato;Inesploso
1950665;16;17/07/2013 15:50;Strada Urbana;VIA EDOARDO JENNER;in corrispondenza;;del civico n. ;56/b;;Scontro frontale/laterale SX fra veicoli in marcia;Rettilineo;Una carreggiata a doppio senso;Asciutto;Asfaltata;Verticale ed orizzontale;Sereno;Normale;Buona;Ore Diurne;0;0;0;2;;;-1;1;Autovettura privata;In marcia / fermata / arresto;Conducente;F;Illeso;0;;Non accertato;Inesistente
1950665;16;17/07/2013 15:50;Strada Urbana;VIA EDOARDO JENNER;in corrispondenza;;del civico n. ;56/b;;Scontro frontale/laterale SX fra veicoli in marcia;Rettilineo;Una carreggiata a doppio senso;Asciutto;Asfaltata;Verticale ed orizzontale;Sereno;Normale;Buona;Ore Diurne;0;0;0;2;;;-1;2;Autovettura privata;In marcia / fermata / arresto;Conducente;M;Illeso;0;;Non accertato;Inesistente
1950666;15;22/07/2013 21:35;Strada Urbana;PIAZZA ENRICO FERMI;all'intersezione con;VIA FRANCESCO GRIMALDI;VIA FRANCESCO GRIMALDI;;;Scontro laterale fra veicoli in marcia;Intersezione semaforizzata;Due carreggiate;Asciutto;Asfaltata;Verticale ed orizzontale;Sereno;Scarso;Sufficiente;Sufficiente;0;0;0;2;;;-1;1;Autobus di linea;In marcia / fermata / arresto;Conducente;M;Illeso;0;;Utilizzato;Inesistente
1950666;15;22/07/2013 21:35;Strada Urbana;PIAZZA ENRICO FERMI;all'intersezione con;VIA FRANCESCO GRIMALDI;VIA FRANCESCO GRIMALDI;;;Scontro laterale fra veicoli in marcia;Intersezione semaforizzata;Due carreggiate;Asciutto;Asfaltata;Verticale ed orizzontale;Sereno;Scarso;Sufficiente;Sufficiente;0;0;0;2;;;-1;2;Autovettura privata;In marcia / fermata / arresto;Conducente;M;Illeso;0;;Utilizzato;Inesistente
1950667;16;18/07/2013 09:15;Strada Urbana;VIA VIRGINIA AGNELLI;all'intersezione con;VIA ARCANGELO ILVENTO;VIA ARCANGELO ILVENTO;;;Scontro frontale/laterale SX fra veicoli in marcia;Intersezione stradale segnalata;Due carreggiate;Asciutto;Asfaltata;Verticale ed orizzontale;Sereno;Normale;Buona;Ore Diurne;1;0;0;1;;;-1;1;Autovettura privata;In marcia / fermata / arresto;Conducente;F;Illeso;0;;Non accertato;Inesistente
1950667;16;18/07/2013 09:15;Strada Urbana;VIA VIRGINIA AGNELLI;all'intersezione con;VIA ARCANGELO ILVENTO;VIA ARCANGELO ILVENTO;;;Scontro frontale/laterale SX fra veicoli in marcia;Intersezione stradale segnalata;Due carreggiate;Asciutto;Asfaltata;Verticale ed orizzontale;Sereno;Normale;Buona;Ore Diurne;1;0;0;1;;;-1;2;Motociclo a solo;In marcia / fermata / arresto;Conducente;M;Rimandato;0;NON DECEDUTO;Non accertato;Inesistente
1950668;18;22/07/2013 20:10;Strada Urbana;VIA MONTE DEL MARMO;in prossimità;;del civico n. ;295;;Veicolo in marcia contro ostacolo accidentale;Rettilineo;Una carreggiata a doppio senso;Asciutto;Asfaltata;Verticale ed orizzontale;Sereno;Scarso;Buona;Sufficiente;1;0;0;0;;;-1;1;Motociclo a solo;In marcia / fermata / arresto;Conducente;;Rifiuta cure immediate;0;NON DECEDUTO;Non accertato;Inesistente
1950669;13;20/07/2013 16:30;Strada Urbana;LUNGOMARE AMERIGO VESPUCCI;da specificare;;;;"altezza stabilimento ""Bonaccia""";Scontro laterale fra veicoli in marcia;Rettilineo;Una carreggiata a doppio senso;Asciutto;Asfaltata;Assente;Sereno;Normale;Buona;Ore Diurne;1;0;0;1;;;-1;1;Velocipede;In marcia / fermata / arresto;Conducente;M;Rimandato;0;NON DECEDUTO;Non accertato;Inesistente
1950669;13;20/07/2013 16:30;Strada Urbana;LUNGOMARE AMERIGO VESPUCCI;da specificare;;;;"altezza stabilimento ""Bonaccia""";Scontro laterale fra veicoli in marcia;Rettilineo;Una carreggiata a doppio senso;Asciutto;Asfaltata;Assente;Sereno;Normale;Buona;Ore Diurne;1;0;0;1;;;-1;2;Autovettura privata;In marcia / fermata / arresto;Conducente;F;Illeso;0;;Non accertato;Inesploso
1950670;9;22/07/2013 07:15;Strada Urbana;VIA ETRURIA;all'intersezione con;VIA POMEZIA;VIA POMEZIA;;;Scontro frontale/laterale DX fra veicoli in marcia;Incrocio;Una carreggiata a senso unico di marcia;Asciutto;Asfaltata;Verticale ed orizzontale;Sereno;Scarso;Buona;Ore Diurne;1;0;0;2;;;-1;1;Autovettura privata;In marcia / fermata / arresto;Conducente;M;Illeso;0;;Utilizzato;Inesploso
1950670;9;22/07/2013 07:15;Strada Urbana;VIA ETRURIA;all'intersezione con;VIA POMEZIA;VIA POMEZIA;;;Scontro frontale/laterale DX fra veicoli in marcia;Incrocio;Una carreggiata a senso unico di marcia;Asciutto;Asfaltata;Verticale ed orizzontale;Sereno;Scarso;Buona;Ore Diurne;1;0;0;2;;;-1;2;Autovettura privata;In marcia / fermata / arresto;Conducente;F;Rimandato;0;NON DECEDUTO;Utilizzato;Inesploso
1950670;9;22/07/2013 07:15;Strada Urbana;VIA ETRURIA;all'intersezione con;VIA POMEZIA;VIA POMEZIA;;;Scontro frontale/laterale DX fra veicoli in marcia;Incrocio;Una carreggiata a senso unico di marcia;Asciutto;Asfaltata;Verticale ed orizzontale;Sereno;Scarso;Buona;Ore Diurne;1;0;0;2;;;-1;2;Autovettura privata;In marcia / fermata / arresto;Passeggero;M;Illeso;0;;Utilizzato;Inesploso
1950671;20;22/07/2013 11:20;Strada Urbana;VIALE DI TOR DI QUINTO;in prossimità;;del civico n. ;119;;Tamponamento;Curva a visuale libera;Due carreggiate;Asciutto;Asfaltata;Verticale ed orizzontale;Sereno;Normale;Buona;Ore Diurne;0;0;0;3;;;-1;1;Autovettura privata;In marcia / fermata / arresto;Conducente;M;Illeso;0;;Non accertato;Inesploso
1950671;20;22/07/2013 11:20;Strada Urbana;VIALE DI TOR DI QUINTO;in prossimità;;del civico n. ;119;;Tamponamento;Curva a visuale libera;Due carreggiate;Asciutto;Asfaltata;Verticale ed orizzontale;Sereno;Normale;Buona;Ore Diurne;0;0;0;3;;;-1;1;Autovettura privata;In marcia / fermata / arresto;Passeggero;M;Illeso;0;;Non accertato;Inesploso
1950671;20;22/07/2013 11:20;Strada Urbana;VIALE DI TOR DI QUINTO;in prossimità;;del civico n. ;119;;Tamponamento;Curva a visuale libera;Due carreggiate;Asciutto;Asfaltata;Verticale ed orizzontale;Sereno;Normale;Buona;Ore Diurne;0;0;0;3;;;-1;2;Autovettura privata;In marcia / fermata / arresto;Conducente;M;Illeso;0;;Non accertato;Inesploso
1950672;20;22/07/2013 12:10;Strada Urbana;GALLERIA GIOVANNI XXIII;da specificare;;;;prossimità uscita Trionfale ;Infortunio per sola frenata improvvisa;Galleria illuminata;Una carreggiata a senso unico di marcia;Asciutto;Asfaltata;Verticale ed orizzontale;Sereno;Normale;Sufficiente;Sufficiente;1;0;0;1;;;-1;1;Motociclo con passeggero;In marcia / fermata / arresto;Conducente;M;Ricoverato;0;NON DECEDUTO;Non accertato;Inesistente
1950672;20;22/07/2013 12:10;Strada Urbana;GALLERIA GIOVANNI XXIII;da specificare;;;;prossimità uscita Trionfale ;Infortunio per sola frenata improvvisa;Galleria illuminata;Una carreggiata a senso unico di marcia;Asciutto;Asfaltata;Verticale ed orizzontale;Sereno;Normale;Sufficiente;Sufficiente;1;0;0;1;;;-1;1;Motociclo con passeggero;In marcia / fermata / arresto;Passeggero;M;Illeso;0;;Non accertato;Inesistente
1950673;16;17/07/2013 11:30;Strada Urbana;VIA DI MONTE VERDE;in corrispondenza;;del civico n. ;63;;Scontro laterale fra veicoli in marcia;Rettilineo;Una carreggiata a doppio senso;Asciutto;Asfaltata;Assente;Sereno;Normale;Buona;Ore Diurne;0;0;0;3;;;-1;1;Autovettura privata;In marcia / fermata / arresto;Conducente;F;Illeso;0;;Non accertato;Inesploso
1950673;16;17/07/2013 11:30;Strada Urbana;VIA DI MONTE VERDE;in corrispondenza;;del civico n. ;63;;Scontro laterale fra veicoli in marcia;Rettilineo;Una carreggiata a doppio senso;Asciutto;Asfaltata;Assente;Sereno;Normale;Buona;Ore Diurne;0;0;0;3;;;-1;1;Autovettura privata;In marcia / fermata / arresto;Passeggero;F;Illeso;0;;Non accertato;Inesploso
1950673;16;17/07/2013 11:30;Strada Urbana;VIA DI MONTE VERDE;in corrispondenza;;del civico n. ;63;;Scontro laterale fra veicoli in marcia;Rettilineo;Una carreggiata a doppio senso;Asciutto;Asfaltata;Assente;Sereno;Normale;Buona;Ore Diurne;0;0;0;3;;;-1;2;Autovettura privata;In marcia / fermata / arresto;Conducente;M;Illeso;0;;Non accertato;Inesploso
1950674;13;22/07/2013 09:30;Strada Urbana;CORSO DUCA DI GENOVA;in corrispondenza;;del civico n. ;38;;Scontro laterale fra veicoli in marcia;Rettilineo;Una carreggiata a doppio senso;Asciutto;Asfaltata;Verticale ed orizzontale;Sereno;Normale;Buona;Ore Diurne;1;0;0;1;;;-1;1;Autovettura privata;In marcia / fermata / arresto;Conducente;M;Illeso;0;;Non accertato;Inesistente
1950674;13;22/07/2013 09:30;Strada Urbana;CORSO DUCA DI GENOVA;in corrispondenza;;del civico n. ;38;;Scontro laterale fra veicoli in marcia;Rettilineo;Una carreggiata a doppio senso;Asciutto;Asfaltata;Verticale ed orizzontale;Sereno;Normale;Buona;Ore Diurne;1;0;0;1;;;-1;2;Motociclo a solo;In marcia / fermata / arresto;Conducente;M;Rimandato;0;NON DECEDUTO;Non accertato;Inesistente
1950675;13;22/07/2013 12:50;Strada Urbana;VIA MARCELLO PUCCI BONCAMBI;all'intersezione con;VIA ARDUINO FORGIARINI;VIA ARDUINO FORGIARINI;;;Scontro laterale fra veicoli in marcia;Incrocio;Una carreggiata a doppio senso;Asciutto;Asfaltata;Verticale ed orizzontale;Sereno;Normale;Buona;Ore Diurne;0;0;0;2;;;-1;1;Autovettura privata;In marcia / fermata / arresto;Conducente;M;Illeso;0;;Non accertato;Inesploso
1950675;13;22/07/2013 12:50;Strada Urbana;VIA MARCELLO PUCCI BONCAMBI;all'intersezione con;VIA ARDUINO FORGIARINI;VIA ARDUINO FORGIARINI;;;Scontro laterale fra veicoli in marcia;Incrocio;Una carreggiata a doppio senso;Asciutto;Asfaltata;Verticale ed orizzontale;Sereno;Normale;Buona;Ore Diurne;0;0;0;2;;;-1;2;Autovettura privata;In marcia / fermata / arresto;Conducente;F;Illeso;0;;Non accertato;Inesploso
1950676;13;22/07/2013 13:30;Strada Urbana;VIA LEONARDO MELLANO;in corrispondenza;;del civico n. ;120;;Veicolo in marcia contro ostacolo accidentale;Rettilineo;Una carreggiata a doppio senso;Asciutto;Asfaltata;Assente;Sereno;Scarso;Buona;Ore Diurne;0;0;0;1;;;-1;1;Autovettura privata;In marcia / fermata / arresto;Conducente;M;Illeso;0;;Non accertato;Inesploso
1950677;18;22/07/2013 18:50;Strada Urbana;VIA DI ACQUAFREDDA;da specificare;;;;altezza civico 110;Tamponamento Multiplo;Rettilineo;Una carreggiata a doppio senso;Asciutto;Asfaltata;Verticale ed orizzontale;Sereno;Intenso;Buona;Ore Diurne;1;0;0;5;;;-1;1;Autovettura privata;In marcia / fermata / arresto;Conducente;M;Illeso;0;;Non accertato;Inesploso
1950677;18;22/07/2013 18:50;Strada Urbana;VIA DI ACQUAFREDDA;da specificare;;;;altezza civico 110;Tamponamento Multiplo;Rettilineo;Una carreggiata a doppio senso;Asciutto;Asfaltata;Verticale ed orizzontale;Sereno;Intenso;Buona;Ore Diurne;1;0;0;5;;;-1;1;Autovettura privata;In marcia / fermata / arresto;Passeggero;F;Illeso;0;;Non accertato;Inesistente
1950677;18;22/07/2013 18:50;Strada Urbana;VIA DI ACQUAFREDDA;da specificare;;;;altezza civico 110;Tamponamento Multiplo;Rettilineo;Una carreggiata a doppio senso;Asciutto;Asfaltata;Verticale ed orizzontale;Sereno;Intenso;Buona;Ore Diurne;1;0;0;5;;;-1;1;Autovettura privata;In marcia / fermata / arresto;Passeggero;F;Illeso;0;;Non accertato;Inesploso
1950677;18;22/07/2013 18:50;Strada Urbana;VIA DI ACQUAFREDDA;da specificare;;;;altezza civico 110;Tamponamento Multiplo;Rettilineo;Una carreggiata a doppio senso;Asciutto;Asfaltata;Verticale ed orizzontale;Sereno;Intenso;Buona;Ore Diurne;1;0;0;5;;;-1;2;Autovettura privata;In marcia / fermata / arresto;Conducente;F;Illeso;0;;Non accertato;Inesistente
1950677;18;22/07/2013 18:50;Strada Urbana;VIA DI ACQUAFREDDA;da specificare;;;;altezza civico 110;Tamponamento Multiplo;Rettilineo;Una carreggiata a doppio senso;Asciutto;Asfaltata;Verticale ed orizzontale;Sereno;Intenso;Buona;Ore Diurne;1;0;0;5;;;-1;2;Autovettura privata;In marcia / fermata / arresto;Passeggero;M;Illeso;0;;Non accertato;Inesistente
1950677;18;22/07/2013 18:50;Strada Urbana;VIA DI ACQUAFREDDA;da specificare;;;;altezza civico 110;Tamponamento Multiplo;Rettilineo;Una carreggiata a doppio senso;Asciutto;Asfaltata;Verticale ed orizzontale;Sereno;Intenso;Buona;Ore Diurne;1;0;0;5;;;-1;3;Motociclo a solo;In marcia / fermata / arresto;Conducente;M;Rifiuta cure immediate;0;NON DECEDUTO;Non accertato;Inesistente
1950678;9;22/07/2013 17:00;Strada Urbana;VIA TUSCOLANA;all'intersezione semaforizzata con;VIA GELA;VIA GELA;;;Tamponamento;Intersezione semaforizzata;Una carreggiata a doppio senso;Asciutto;Asfaltata;Verticale ed orizzontale;Sereno;Normale;Buona;Ore Diurne;1;0;0;1;;;-1;1;Autovettura privata;In marcia / fermata / arresto;Conducente;F;Illeso;0;;Utilizzato;Inesploso
1950678;9;22/07/2013 17:00;Strada Urbana;VIA TUSCOLANA;all'intersezione semaforizzata con;VIA GELA;VIA GELA;;;Tamponamento;Intersezione semaforizzata;Una carreggiata a doppio senso;Asciutto;Asfaltata;Verticale ed orizzontale;Sereno;Normale;Buona;Ore Diurne;1;0;0;1;;;-1;2;Autovettura privata;In marcia / fermata / arresto;Conducente;F;Rimandato;0;NON DECEDUTO;Utilizzato;Inesploso
1950679;16;19/07/2013 12:15;Strada Urbana;VIA BENEDETTO MUSOLINO;all'intersezione con;VIA DEGLI ORTI DI TRASTEVERE;VIA DEGLI ORTI DI TRASTEVERE;;;Scontro frontale/laterale DX fra veicoli in marcia;Incrocio;Una carreggiata a doppio senso;Asciutto;Asfaltata;Orizzontale;Sereno;Normale;Buona;Ore Diurne;2;0;0;1;;;-1;1;Autovettura pubblica;In marcia / fermata / arresto;Conducente;;Rimandato;0;NON DECEDUTO;Non accertato;Inesistente
1950679;16;19/07/2013 12:15;Strada Urbana;VIA BENEDETTO MUSOLINO;all'intersezione con;VIA DEGLI ORTI DI TRASTEVERE;VIA DEGLI ORTI DI TRASTEVERE;;;Scontro frontale/laterale DX fra veicoli in marcia;Incrocio;Una carreggiata a doppio senso;Asciutto;Asfaltata;Orizzontale;Sereno;Normale;Buona;Ore Diurne;2;0;0;1;;;-1;2;Autovettura privata;In marcia / fermata / arresto;Conducente;M;Illeso;0;;Non accertato;Inesistente
1950679;16;19/07/2013 12:15;Strada Urbana;VIA BENEDETTO MUSOLINO;all'intersezione con;VIA DEGLI ORTI DI TRASTEVERE;VIA DEGLI ORTI DI TRASTEVERE;;;Scontro frontale/laterale DX fra veicoli in marcia;Incrocio;Una carreggiata a doppio senso;Asciutto;Asfaltata;Orizzontale;Sereno;Normale;Buona;Ore Diurne;2;0;0;1;;;-1;2;Autovettura privata;In marcia / fermata / arresto;Passeggero;;Rimandato;0;NON DECEDUTO;Non accertato;Esploso
1950680;13;22/07/2013 15:40;Strada Urbana;VIA DELL'IDROSCALO;all'intersezione con;VIA ARDUINO FORGIARINI;VIA ARDUINO FORGIARINI;;;Scontro frontale/laterale SX fra veicoli in marcia;Incrocio;Una carreggiata a doppio senso;Asciutto;Asfaltata;Verticale ed orizzontale;Sereno;Normale;Buona;Ore Diurne;2;0;0;2;;;-1;1;Autovettura privata;In marcia / fermata / arresto;Conducente;F;Illeso;0;;Non accertato;Inesistente
1950680;13;22/07/2013 15:40;Strada Urbana;VIA DELL'IDROSCALO;all'intersezione con;VIA ARDUINO FORGIARINI;VIA ARDUINO FORGIARINI;;;Scontro frontale/laterale SX fra veicoli in marcia;Incrocio;Una carreggiata a doppio senso;Asciutto;Asfaltata;Verticale ed orizzontale;Sereno;Normale;Buona;Ore Diurne;2;0;0;2;;;-1;1;Autovettura privata;In marcia / fermata / arresto;Passeggero;F;Rimandato;0;NON DECEDUTO;Non accertato;Inesploso
1950680;13;22/07/2013 15:40;Strada Urbana;VIA DELL'IDROSCALO;all'intersezione con;VIA ARDUINO FORGIARINI;VIA ARDUINO FORGIARINI;;;Scontro frontale/laterale SX fra veicoli in marcia;Incrocio;Una carreggiata a doppio senso;Asciutto;Asfaltata;Verticale ed orizzontale;Sereno;Normale;Buona;Ore Diurne;2;0;0;2;;;-1;1;Autovettura privata;In marcia / fermata / arresto;Passeggero Istruttore;M;Rimandato;0;NON DECEDUTO;Non accertato;Inesploso
1950680;13;22/07/2013 15:40;Strada Urbana;VIA DELL'IDROSCALO;all'intersezione con;VIA ARDUINO FORGIARINI;VIA ARDUINO FORGIARINI;;;Scontro frontale/laterale SX fra veicoli in marcia;Incrocio;Una carreggiata a doppio senso;Asciutto;Asfaltata;Verticale ed orizzontale;Sereno;Normale;Buona;Ore Diurne;2;0;0;2;;;-1;2;Autovettura privata;In marcia / fermata / arresto;Conducente;F;Illeso;0;;Non accertato;Inesistente
1950681;13;22/07/2013 19:45;Strada Urbana;VIA FERDINANDO ACTON;in prossimità;;del civico n. ;11;;Veicolo in marcia contro ostacolo fisso;Rettilineo;Due carreggiate;Asciutto;Asfaltata;Assente;Sereno;Normale;Buona;Ore Diurne;0;0;0;1;;;-1;1;Autovettura privata;In marcia / fermata / arresto;Conducente;M;Illeso;0;;Non accertato;Inesploso
1950682;13;22/07/2013 14:00;Strada Urbana;VIALE VASCO DE GAMA;all'intersezione con;VIA STEFANO CANSACCHI;VIA STEFANO CANSACCHI;;;Scontro frontale/laterale DX fra veicoli in marcia;Incrocio;Una carreggiata a senso unico di marcia;Asciutto;Asfaltata;Verticale ed orizzontale;Sereno;Normale;Buona;Ore Diurne;2;0;0;2;;;-1;1;Autovettura privata;In marcia / fermata / arresto;Conducente;M;Illeso;0;;Non accertato;Inesistente
1950682;13;22/07/2013 14:00;Strada Urbana;VIALE VASCO DE GAMA;all'intersezione con;VIA STEFANO CANSACCHI;VIA STEFANO CANSACCHI;;;Scontro frontale/laterale DX fra veicoli in marcia;Incrocio;Una carreggiata a senso unico di marcia;Asciutto;Asfaltata;Verticale ed orizzontale;Sereno;Normale;Buona;Ore Diurne;2;0;0;2;;;-1;1;Autovettura privata;In marcia / fermata / arresto;Passeggero;F;Illeso;0;;Non accertato;Inesploso
1950682;13;22/07/2013 14:00;Strada Urbana;VIALE VASCO DE GAMA;all'intersezione con;VIA STEFANO CANSACCHI;VIA STEFANO CANSACCHI;;;Scontro frontale/laterale DX fra veicoli in marcia;Incrocio;Una carreggiata a senso unico di marcia;Asciutto;Asfaltata;Verticale ed orizzontale;Sereno;Normale;Buona;Ore Diurne;2;0;0;2;;;-1;1;Autovettura privata;In marcia / fermata / arresto;Passeggero;F;Rimandato;0;NON DECEDUTO;Non accertato;Inesploso
1950682;13;22/07/2013 14:00;Strada Urbana;VIALE VASCO DE GAMA;all'intersezione con;VIA STEFANO CANSACCHI;VIA STEFANO CANSACCHI;;;Scontro frontale/laterale DX fra veicoli in marcia;Incrocio;Una carreggiata a senso unico di marcia;Asciutto;Asfaltata;Verticale ed orizzontale;Sereno;Normale;Buona;Ore Diurne;2;0;0;2;;;-1;2;Autovettura privata;In marcia / fermata / arresto;Conducente;M;Rimandato;0;NON DECEDUTO;Non accertato;Inesistente
1950683;13;22/07/2013 13:30;Strada Urbana;VIA DI CASAL PALOCCO;in prossimità;;del civico n. ;89;;Veicolo in marcia contro ostacolo accidentale;Rettilineo;Una carreggiata a doppio senso;Asciutto;Asfaltata;Verticale;Sereno;Normale;Buona;Ore Diurne;0;0;0;1;;;-1;1;Autovettura privata;In marcia / fermata / arresto;Conducente;M;Illeso;0;;Non accertato;Inesploso
1950684;19;22/07/2013 11:15;Strada Urbana;VIA DI TORREVECCHIA;all'intersezione con;VIA VINCENZO TOMASSINI;VIA VINCENZO TOMASSINI;;;Scontro laterale fra veicoli in marcia;Incrocio;Una carreggiata a doppio senso;Bagnato (pioggia);Asfaltata;Assente;Grandine in atto;Intenso;Sufficiente;Ore Diurne;0;0;0;2;;;-1;1;Autocarro inferiore 35 q.;In marcia / fermata / arresto;Conducente;M;Illeso;0;;Non accertato;Inesistente